AUDd5	001CFF	-4.0767662920672	-2.5968729629423	-1.4688368046472
AIv6a	4F7F00	-2.3601370558497	1.4817277248279	-3.1931092902557
SCiw	005F7F	-1.0370515060489	-4.0221500291411	-1.4777243118647
MEApd-c	00427F	-2.6601122764064	-2.0260332274225	-4.64016918247
OT2	8500FF	-1.7098744987111	1.0569209712536	-5.7570158901713
SSp-m6b	FF7900	-2.5307420797796	1.0294861648554	-2.3092459174067
CLI	FF1C00	-0.15882609289716	-3.7462245405695	-3.8164730784444
PRE1	00397F	-2.4434436943203	-4.060039364311	-2.3424900076876
VISpl5	7F0049	-3.0486243301815	-4.5561198413644	-0.89106097996216
VISam6a	7F0048	-1.6991132471134	-3.110098935056	-0.17799634444899
PSV	00657F	-2.1104506292452	-5.1079603024695	-4.608068421926
SSp-bfd6a	7F0040	-3.2577213770217	-0.85095822825853	-1.6081511349334
SSs4	7F0043	-4.306090818338	-0.51655846991679	-2.4115728377586
SSp-ul5	7F0042	-2.5984396464823	0.16613636735881	-1.0984453303952
RO	73FF00	-0.11292873858651	-7.0773082799564	-5.7315650533126
VISal6a	FFED00	-3.3501621252205	-3.199016357364	-0.91751255137371
PBlv	727F00	-1.5469163143952	-5.2008161467406	-3.102076670132
ORBl2/3	7F004C	-1.763572480976	2.3320238116323	-2.9571496954388
ACAv5	7F004B	-0.58724021817511	0.050742423093787	-1.3260688766663
AId5	7F004E	-2.5916549754807	1.8034370624758	-3.0460032263376
RSPagl6b	7F004F	-1.4182534199224	-3.3634496388087	-0.27687745845702
ORBm2/3	00FF62	-0.466222121247	2.5612170107078	-2.3223212813047
SSp-m4	427F00	-3.2875416546837	1.0194153375019	-1.7759314221544
AHNp	2B007F	-0.48313584866432	-1.0316717969254	-5.0135679036522
ECU	757F00	-1.4322751367193	-7.1240827206707	-3.768076832036
PD	297F00	-0.61707640406123	-0.11749980878085	-4.7323303040654
RSPd5	00227F	-0.87176894035741	-3.0936251062887	0.082117917046783
VISpm5	00FF67	-1.8500154712652	-4.448239206042	-0.30757292529908
ENTl2	B3FF00	-4.7197826927453	-2.5011809267486	-4.1689603334782
FOTUmo	F6FF00	-0.65737213744631	-7.6096659252448	-1.945632288458
IAM	657F00	-0.22814083059679	-0.78467318555668	-3.557625406227
ENTm2	006EFF	-3.2724509064247	-4.5466073493726	-3.3115190983545
SSp-tr6b	08FF00	-2.126295427689	-1.4820180762799	-0.81630399490956
VISp1	0A7F00	-2.7125348051243	-3.9096698593551	0.13098942210885
AUDpo2/3	FF7000	-4.7212670403932	-3.6660915058638	-1.8110509649983
LP	37007F	-1.6036634082403	-2.3227238854527	-2.1256474804421
sAMY	1F7F00	-2.6368173288184	-1.474268939414	-4.7654244719892
ENTl3	FF4B00	-4.2440354000339	-3.8558283732896	-3.6589898446386
LSv	00FF3F	-0.67403415086193	0.064488638490845	-3.5265656046814
DMHp	00FFAA	-0.37583791894138	-1.755641544421	-5.1041530988141
MB	25007F	-1.1486695932682	-3.7797731912188	-3.2163976550085
NC	00FFAD	-0.73000013455749	-0.50343731453177	-5.3023956374188
AId6a	C500FF	-2.633363162628	1.4438658403972	-3.0914711747001
ACAd5	7F7300	-0.64574954522341	0.78242530782024	-1.0615973175648
MS	FF3C00	-0.20089860507069	0.57824599624002	-3.8253800082226
GU6a	0BFF00	-3.1080257428922	0.93585208336832	-3.1057287650423
ORBm6a	1CFF00	-0.95067742868249	2.2827492309697	-2.1744884692954
CA2sp	FFCD00	-2.4858868273889	-2.0961531715984	-1.5492064148252
POR	FF0065	-1.391967848016	-4.6834928478428	-5.661286952349
PRNr	FF0067	-0.98473194298988	-4.339224074932	-4.5529299914124
VISal1	11FF00	-3.8666829834298	-3.1787489025859	-0.30361008530315
AONl	7F6B00	-1.532011957032	2.855226498057	-3.8288144966005
LSr	007F5F	-0.52378068520507	0.72842071910872	-3.3091316583544
DR	7F0E00	-0.10324919276894	-4.4543626997624	-2.8529431989989
CA1so	00FF4D	-2.4543986092866	-2.5762221223188	-1.5134172189052
IMD	7F1900	-0.13188928227145	-1.7160745313966	-3.0024503722232
VISpm6b	17FF00	-2.0842189047369	-4.1230727851352	-0.59932265067085
VMHc	007F52	-0.54364598928813	-1.5412553417161	-5.6142827049965
Mmme	007F53	-0.10014146792804	-2.5326794678558	-5.1578561034628
DMHa	00547F	-0.4480348218073	-1.5582906548477	-4.9222995930827
BSTfu	00457F	-1.1002207283095	0.22356354471768	-4.7288968543632
IO	7F0036	-0.53685215135828	-6.7873611631324	-6.3266973422211
ENTm4	00FF48	-3.3472218516505	-4.4114069899704	-3.1990578857044
DMHv	007F55	-0.5060304259799	-1.8367138081983	-5.3492137785822
CA3sp	FF00B0	-2.4614096876555	-2.396241745883	-2.8002505764859
PP	FFB600	-2.2824049673094	-3.2488500558424	-3.3945288337722
BMAa	00FF42	-2.7221422137853	-1.0134847640583	-5.4852315880824
PVa	7F1700	-0.092846812274255	-0.62996129561589	-5.242480542792
PARN	70FF00	-1.4339116998305	-6.2457850081241	-4.6945551576822
PVHf	5100FF	-0.99193834070786	-1.1915166787175	-4.6363200188792
ACAd6a	FF6700	-0.8790535034829	0.84482864088917	-1.3737265338531
NTSge	FF006A	-0.49863070435822	-7.0799999125302	-3.9287657071836
ENTl6a	FF00B3	-3.880968601443	-3.875093248124	-3.3664212773523
ICB	FF006D	-1.5314001464993	-6.3897999022454	-3.1475331053088
VISal4	90FF00	-3.6185065189285	-3.1616306785147	-0.57296912980669
AUDv4	0022FF	-4.7023256848162	-2.135099161895	-2.4507882423389
VISpl6b	6B007F	-2.8235912674493	-4.4342901273433	-1.1645336407316
SCop	00FFA1	-0.79346795004296	-3.9403194696166	-0.88731180221633
GPe	007F1E	-2.4153206341949	-0.81322078014474	-3.669777026493
PAA1	FF5000	-3.2043279414788	-1.8434096629644	-6.138182477643
MM	00FFA7	-0.35899303350726	-2.7406063141645	-5.1705179090886
ORBl6a	65007F	-1.5532404299822	2.055154490991	-2.4222363045095
SSp-n5	407F00	-3.5195028108659	0.72341150078215	-2.3295929926614
BSTov	00FF39	-1.2171777119105	0.11591608254779	-3.6345792184854
IV	00627F	-0.33383178694557	-4.3453265049462	-3.0101505236972
IAD	FFB300	-0.5923706733582	-0.79342521202515	-3.1187224412815
AV	00FF33	-1.1509830730979	-0.75607423976171	-2.7632645467522
CA3slm	7F2600	-2.1578397994865	-2.0092091910898	-1.5309128881978
ILA6b	7F3200	-0.91567064922037	1.5233257383802	-2.3794049515893
SSp-m1	027F00	-3.6195884729543	1.0338016714576	-1.5140121668243
VPM	00FF36	-1.7870827561325	-1.8196593594152	-3.0975561630952
UVUgr	7F003B	-0.5828155842407	-7.3362211953883	-3.2010681924822
DP6a	557F00	-0.89829636165387	1.6495742736978	-3.185275667988
SSp-n2/3	017F00	-3.9849652208355	0.71934717362967	-2.1682271324028
IPN	FF9C00	-0.22670784007653	-3.319944820074	-4.6032556536611
LGd	FF00C7	-2.3146369648541	-2.4126269026235	-2.282533989766
TH	FF00C4	-1.2421660131665	-1.7180072361782	-3.03802522837
PYRmo	7F4300	-0.48157958588346	-7.4791579443603	-2.5546581507304
CA2sr	7F6600	-2.2187815733453	-2.0145276359825	-1.5269037843837
SPVOmdmd	006E7F	-1.6862171576039	-6.0957916867206	-4.664955806317
AONd	537F00	-1.5342611482081	2.6185717305686	-3.5247635725589
PPT	FF00DF	-0.72552049648168	-2.6729297111131	-1.9040155905497
BSTpr	627F00	-0.84514743284238	-0.22208261975186	-3.966541009256
NLLv	00CAFF	-1.9160256978079	-4.3325078982052	-4.0028686600641
LRNp	00717F	-1.8649591983796	-7.0662247820196	-5.893532947667
HY	6200FF	-0.58482544884991	-1.4207445539391	-5.1907441062192
VISl1	0028FF	-4.0081304004338	-4.0537547366621	-0.68502199460229
CSl	737F00	-0.32237745427694	-4.2956465328423	-4.3409218984778
PBmm	FF1900	-1.2944670981221	-5.2336912041893	-3.3044359138362
A13	FF00D9	-0.80831505285154	-1.3794473413975	-4.5075688530151
SSp-un5	7F7B00	-2.9532046711007	0.47461033094723	-1.6781162128
SUV	0E007F	-1.5259245071368	-5.7580225989411	-3.4647035944798
OV	53FF00	-0.12650075608167	0.42081987137189	-5.5076479786446
AUDd1	7F0045	-4.6170655166443	-2.5805794132636	-1.161323416249
FLgr	007C7F	-3.0524915145994	-5.243495160239	-3.9124450490921
P	7F0031	-1.4566603917039	-4.559133385324	-4.8392340526736
SOCm	7F0032	-1.0544685571535	-5.0625983815305	-5.8180392113939
RPO	7F0033	-0.15604600994552	-5.1128355782239	-4.2306914210443
NTSl	7F0035	-1.0503856533503	-7.0764047021962	-4.2375932461626
EW	00C5FF	-0.092500125057995	-3.4621021313466	-3.1394965251025
CENT2mo	7F0039	-0.45719460053845	-5.4447187821718	-2.3905564427233
MDl	FF00CA	-0.7664677653127	-1.4674298941688	-2.7826556210741
RSPv2	22FF00	-0.40941410167286	-2.8532994129258	-0.3484998667109
MH	FF00CD	-0.27713596133318	-1.5601135965706	-2.0413249327156
RSPv5	A1FF00	-0.6538449737093	-2.9231620863527	-0.32097943922506
AON1	FF0028	-1.4122300631684	2.6313028799284	-4.1627670756748
ENTmv5/6	7F6300	-3.2720456269824	-3.6171210730505	-4.8879543433643
ECT5	FF0025	-4.1688240552959	-3.5676580682612	-2.4599522602453
PTLp4	FF0022	-2.773612363158	-2.676771346392	-0.31962700863758
PIR1	7F6900	-3.5305805575679	-0.12553809765278	-4.9975114811838
RSPv6b	FFDC00	-0.91425982365003	-2.6296539052555	-0.42546790484528
TEa1	5C007F	-4.8213143986202	-3.1059861795233	-2.3166825178775
PVp	697F00	-0.24870651493262	-2.2269670973265	-5.5988627535738
AOBgr	28FF00	-1.3124719334169	3.5955873157769	-2.7743234931602
CA1sr	31FF00	-2.5835962429841	-2.697102010483	-1.9020716420059
AId6b	62007F	-2.8634248238822	0.98691801589544	-3.1861641561128
SPFp	C7FF00	-1.6720711963596	-2.8403469280183	-3.3960208832835
PVHpmm	D0FF00	-0.35640319021495	-0.89122431010616	-4.7049997951835
IF	707F00	-0.17578090707976	-3.213543398459	-4.1751649524536
ORBvl5	FFE100	-1.1963485278544	2.2684039880907	-2.5795789369509
BSTse	FF3900	-1.0585395213075	-0.21733779631043	-3.1612310782613
AUDp4	0EFF00	-4.5816757951691	-2.6126132905047	-1.882978603296
PPN	317F00	-1.3345255123347	-4.5182803295967	-3.4720028922733
AUDv2/3	71007F	-4.8909813582564	-2.1646400799973	-2.4239244079747
PAA3	FF002E	-3.2264565075959	-1.9191518180064	-5.7594666416815
PVHmpd	7F5600	-0.20806801189758	-0.85899604843459	-4.6788248600677
APN	7F4F00	-1.2918881670327	-2.7369920647362	-2.3282517055368
BA	5F7F00	-2.0266076441508	-1.0418310482354	-5.5178159551554
SSp-bfd6b	F900FF	-3.0851284216247	-0.89871876225179	-1.7306446646301
PRE3	007F62	-2.7244788932691	-4.1947254472673	-1.9118975126667
ORBl6b	0039FF	-1.2076317206221	1.8081581146505	-2.2036839684373
AIv1	1FFF00	-3.4524737447772	1.3528671285522	-3.9117939375927
NODmo	7F007B	-0.65864179561836	-6.7280490917379	-3.4594496487354
PFLmo	7F007C	-3.8427819060343	-5.6038413826188	-4.3010501522591
AIv6b	FFDF00	-1.2300001420081	1.8075002199039	-2.1987497578375
SPVOmdmv	00FF90	-1.9097141825209	-6.0964878335315	-4.6969233875565
CNlam	00FF93	-2.6889446081925	-5.8516850794121	-4.2972220113294
DN	007F01	-2.4322653401889	-6.1177631809242	-3.2376776670569
SubG	FF004D	-2.5345398840197	-2.5289279657732	-3.548095616532
PRNc	00FF96	-0.82947280542049	-5.0626308864281	-4.7520867552488
AOBmi	147F00	-1.3644129159691	3.3885840468482	-2.6545263560876
IP	00FF02	-1.7274473916268	-6.3401030190109	-2.9350597208477
SSp-ll4	00FFF9	-1.9848185315229	-0.39579009899479	-0.35787840914687
TEa2/3	004BFF	-4.6071855759865	-3.2548782170279	-2.2262700587276
AUDd6b	00FFF0	-3.6853687341988	-2.5311502495191	-1.6859754638736
GU1	00FFF3	-4.0167998686001	0.9218359434875	-3.3166855029893
MGd	7F1B00	-2.1814018902891	-3.1269109807922	-2.5113220168305
COAa2	002E7F	-2.6053519630564	-0.91009400341691	-5.8093820831083
SSp-tr2/3	00FFF6	-2.4909223190838	-1.4689064142954	0.035427617099307
RM	00FF0B	-0.094937054928749	-5.3439091106721	-5.5140267246846
FS	7F2100	-2.4233068765582	-0.0063776057785141	-4.9470324432241
AIv2/3	0F7F00	-3.0079042618231	1.5265889975006	-3.7124739351856
PA	3CFF00	-2.5931601813141	-2.5600781927565	-5.0283022691369
MOs6b	00FFFC	-1.0714591097843	0.17317442550586	-1.2499856360111
grey	00FFFF	-1.8127667013384	-1.4557615211547	-2.7505640895049
MOBmi	00FFD6	-1.1025707597395	4.1484482501004	-3.3527070778185
PBme	7F4C00	-1.8902824099116	-5.4236742830103	-3.3316630811708
ACAv6a	D000FF	-0.78392023731131	0.26656214286411	-1.4535397511656
TTd4	0056FF	-0.75473794671749	1.5145226078284	-3.2972687651364
LA	8B00FF	-3.6820599939946	-1.9708483538929	-4.1259855470127
SPVC	7F0075	-1.9752771404708	-7.5953801024669	-4.6771191622716
ISN	7F0076	-1.4391273477675	-5.6654211469579	-4.7693582763188
AMd	4BFF00	-0.80284093083167	-0.84297384231093	-3.3164222602923
SLD	7F0073	-0.86669019024682	-5.158353164952	-3.4200224751692
VISal6b	7F7600	-3.2636531672956	-3.1517245515452	-0.9906961104469
SCig-c	007F0F	-0.39818824464129	-3.2831836717553	-1.7372678315953
MV	7F0078	-0.81630578081488	-6.0998835701663	-3.8338376822833
SSs5	ED00FF	-4.0979192307629	-0.55427089355596	-2.4664990340252
PBlc	007F0C	-1.2041042112719	-5.1695979808437	-2.816403897432
SCig	00FF9F	-1.0932240360738	-4.2008087007957	-1.0806911697486
NDB	7F1E00	-0.66678369638615	0.73948705468966	-5.2453918628494
AUDpo1	7F7800	-4.8794465833354	-3.6632166448329	-1.783379705028
GU6b	057F00	-2.8456987092292	0.99712011817569	-2.9884700721828
POST2	9000FF	-2.1214620282692	-4.2518394739472	-1.2596038093771
SCig-a	007F4F	-0.99718950694853	-3.2319959960753	-1.4982938554551
SSp-n4	81FF00	-3.7667821833378	0.70216056414663	-2.2421395349985
AP	00D6FF	-0.12497970348616	-7.4889856231855	-4.0034511121633
VISam6b	DC00FF	-1.6719383508406	-3.1019099656116	-0.31136911173581
COApm3	FFD000	-2.863424616558	-2.6096483509822	-5.3163708816349
MOp6b	FF007F	-1.3612021424766	0.19055515493084	-1.3096904704958
SNc	62FF00	-1.5190703755359	-3.2151719443984	-4.051049391793
MPNl	FF2800	-0.54243328684274	-0.19111277779221	-5.3764737356706
TR3	A200FF	-3.7731935774479	-2.9564724920675	-5.0280787363462
SSp-un6a	FF7600	-2.576503658576	0.53452858593596	-1.9038682078237
ORBvl6b	FF6200	-1.1643284992384	1.8076867870708	-2.2240296089605
CL	CDFF00	-1.0254340972492	-1.6656776283536	-2.5007707756095
PGRNd	787F00	-0.33973713180022	-6.2237063217888	-4.5080334313922
CU	357F00	-0.99168043410079	-7.3683628669765	-3.9365259670946
SCdw	00BFFF	-0.58754629245617	-4.120239365349	-1.6294244215508
ENTmv3	FFC700	-3.1348885869712	-3.5239159062992	-5.0684695136709
VISp6a	7F7500	-2.5685414729815	-3.7851065551361	-0.64139355504761
AUDp6b	467F00	-3.9290364373898	-2.5309865358873	-2.0949722207243
RSPd6a	00FFDC	-1.1185547512042	-3.1862413076272	-0.14488319236123
UVUmo	FF0076	-0.54163895599272	-7.2768078664942	-3.3071740339265
PPY	FF0070	-0.66707765015183	-5.9352166478595	-6.2973216411005
TEa4	00257F	-4.448274145738	-3.227197927317	-2.2474940885582
COPYmo	FF0079	-1.9242606827746	-7.2033743293452	-3.2646097581194
PVHpml	287F00	-0.40237137431063	-0.8161317934402	-4.5092111656566
FOTUgr	7B7F00	-0.51014354941352	-7.5890019689454	-1.9086620379608
RSPagl2/3	FF001F	-1.1857788064946	-3.4281715637612	0.45523987098555
PTLp2/3	7F2E00	-2.7921812050626	-2.6398091524998	-0.14850027310069
AVP	5C00FF	-0.6631306645345	0.26273249777001	-5.6625108713985
NTSco	7F0A00	-0.1864395203972	-7.5005356330824	-4.1497643972995
PERI2/3	FFD900	-4.6726005306935	-2.6458974355481	-3.4809311047006
FN	007F40	-0.96114932432348	-6.547062059582	-2.6933053785126
CUL4_5gr	007F43	-1.058755496301	-6.2238386007723	-1.4336853019721
TEa6b	00FF59	-4.0352309660933	-3.0513429714532	-2.5033579839954
CNspg	007F49	-2.5060773314411	-5.4647265765636	-3.8109322577451
SPVOrdm	007F48	-1.8112007585714	-5.7897947261314	-4.4645666609017
AOB	00FF56	-1.360655092689	3.4683942601375	-2.5507624749473
COApl1	00FF50	-2.8416506791364	-1.9804188787298	-5.9636001560134
TTv3	00FF53	-0.75470577844979	2.116183740541	-4.6457630910934
POST3	48007F	-2.1760692189789	-4.0987016815487	-1.1203108504655
VISal5	487F00	-3.5021409897689	-3.1815866420041	-0.73844910999788
PAR3	7F001B	-3.1263853270162	-4.2681823189141	-2.9992469440034
SSp-un4	FFF600	-3.231748551834	-0.13384196576724	-1.3219455816715
III	1F007F	-0.20515318796115	-3.8983544569567	-2.9747191571555
PL1	001A7F	-0.20192123741233	2.0675080662321	-1.6212786501271
BSTju	00FFB9	-1.3492051246273	0.11430096095678	-4.0618484446037
MPN	FFA700	-0.51108987488521	0.10723310055084	-5.1981621956946
VPL	00FFB6	-2.0291590324211	-1.6588020944141	-3.2059564870615
PT	00FFB0	-0.42888723654739	-0.48752939119466	-3.3813984119151
ILA5	7F7200	-0.71499411184994	1.7498064958108	-2.5835296083249
SGN	00FFB3	-2.0202225464213	-3.186778995621	-2.6016562055591
LINGgr	FF0B00	-0.31622120025528	-6.1775181694841	-3.0673322920959
NOT	7F0F00	-1.3393849434905	-2.9561481631995	-1.7462744236647
FLmo	00F9FF	-3.1294892337364	-5.2150834925442	-3.9549565021896
SSp-bfd4	7F0001	-3.6943791927406	-0.80217029872177	-1.2187730844913
ACAv6b	68007F	-0.91842774504561	0.29100434883721	-1.4694522638357
PBls	E4FF00	-1.4259247921806	-5.055082440147	-2.658782412546
SSp-ul4	FF0084	-2.7558987107349	0.032924279938889	-0.8206902562812
MOBgl	59007F	-1.0829462256122	4.1848521628201	-3.4758398332485
ORBvl2/3	4E7F00	-1.0599689956465	2.3847286637638	-2.8527866683007
AONe	FFD600	-1.5600822824503	3.1441275498828	-3.811810185707
GRN	7F0800	-0.58338341162449	-6.3564578437021	-5.2487081747103
AUDpo6b	FF008D	-4.0686017168736	-3.6685056088214	-2.0126625903136
MY	2E00FF	-1.3383438283654	-6.5691360205048	-5.0998587398781
LSc	00FFBF	-0.5874619037898	0.071913542449249	-2.2250108723207
TMv	6B7F00	-0.95699372180796	-2.4910676718308	-5.4501418777811
MEApv	00FFBC	-2.04352646992	-2.0445051006534	-5.198547170959
SSp-bfd5	FF0081	-3.4872606169515	-0.84864681234651	-1.3540331729464
BSTtr	7F5C00	-1.1649487460314	-0.26186471548418	-4.3265856926284
SSs2/3	FF0087	-4.5205659646457	-0.53671608828748	-2.3515091717265
RCH	FF2500	-0.67430424467357	-0.8348598987175	-5.8656176926168
KF	007F4C	-1.8836325893679	-4.9849279043438	-3.6042800091078
SG	007F4B	-0.2640683472485	-5.6213892418767	-4.017395791593
AT	007F4E	-0.41900397977891	-4.5126755239372	-3.5338015101664
VISam1	7F3600	-1.7688149952287	-3.1412183283098	0.59441847119424
LDT	FF1700	-0.56659680035346	-5.2141387866507	-3.0310732099398
SSp-un1	87FF00	-3.515289585994	0.31143470185026	-1.2474032736838
AIp6a	00FF5F	-3.8842847570881	-0.44561028264842	-3.762479520743
AId1	7F000E	-3.0314118926402	1.9899888403037	-3.4375136880203
PGRNl	FF8D00	-1.2808924823109	-6.4193943126243	-5.948399399633
MPNm	7F1400	-0.38099528804437	-0.18155306417319	-5.3648303590771
SOCl	FF00E4	-1.6043394402406	-5.0778331512537	-5.5056313656059
SLC	FF00E7	-1.0845006343998	-5.1542580440718	-3.6046783148903
VISp5	FFEA00	-2.596645598462	-3.8553267821971	-0.40058907860064
PST	FFA400	-1.4230620714904	-1.7938759805498	-4.6926718133485
VAL	39007F	-1.2628432414049	-1.3548335908108	-3.3840996216504
RSPagl1	7F2F00	-1.1445456777449	-3.4336827319259	0.62278511729808
IA	FF003F	-2.9884545402768	-1.2382304592839	-4.9485554032729
VISpm1	00177F	-1.5945551174301	-4.510328523046	-0.078974986095224
ENTl6b	7F0059	-4.1034477617559	-2.8395124714168	-3.9026365991478
DP2/3	157F00	-0.58689286292148	1.8075519338526	-3.2283892530858
MDc	7F0025	-0.62704616691149	-1.5400650571492	-2.7632206389433
MGm	7F0024	-2.0296323810874	-3.0721782653988	-3.035623273558
OT3	42007F	-1.8293254647462	0.90196897508944	-5.7098705513408
OP	7F002F	-0.62435645906221	-2.6074435935785	-1.6630133979547
VTA	7F002E	-0.75869747171589	-2.9907026684472	-4.2860296678192
ZI	7F002C	-1.5785790088239	-2.0057406782259	-4.0371773963401
ENTl4	7F2500	-4.2093391733925	-3.7355194375077	-3.7919871770247
SAG	FFA100	-1.8692076593536	-4.3007680323955	-2.8063987936562
ECT1	FF5900	-4.748759714003	-3.5049628689625	-2.5977050599224
CLA	FF0039	-3.0589958562616	0.52530288101947	-3.3651722952432
AONm	FF5600	-0.9412407714025	2.2892787541649	-4.0452941548672
GR	EAFF00	-0.6474984588472	-7.7079302634812	-4.0164699791634
PAA2	7F2800	-3.1968057268713	-1.8581539565824	-5.9791037568215
ENTl4/5	FF0033	-4.3066882286454	-2.0016932855596	-3.8299959193514
CA3slu	FF0031	-2.4652700517575	-2.4251978803221	-2.5961494307764
PAR2	FF0036	-2.7873057404494	-4.3566975121482	-2.915391342989
[0]	000000	-3.514167718924	-0.62326695341755	-2.9456051276148
IRN	FF00ED	-1.1898110953733	-6.6694477004058	-5.01526209766
NTSm	FF00EA	-0.79105876898338	-6.9519752434337	-4.2342480262267
NTSce	FF1400	-0.81805651569159	-7.1438723170428	-4.1113796082964
SSp-n1	02FF00	-4.206847677763	0.71383284262164	-2.1353339354834
COApl3	2EFF00	-3.0017861088784	-2.3168506965252	-5.4577091952535
MEApd-a	3F007F	-2.3816247262902	-1.9532123030326	-4.8096443271971
PF	667F00	-0.71801788585823	-2.214356670487	-2.9315703887728
CM	4DFF00	-0.23799373494893	-1.4014824448336	-3.4464843501697
LT	00FF1C	-2.3602533234071	-2.7956960512207	-3.7079111727308
SCig-b	00FF1F	-1.0180822023027	-3.2408829430071	-1.9039736480241
SMT	6800FF	-0.53635270869466	-1.3621586237573	-3.8778978536909
SSp-ul6a	F300FF	-2.4221356457909	0.12377640986105	-1.4145571418468
SBPV	7F5500	-0.23514666673162	-0.7869207227108	-5.2726639985576
TTd2	AD00FF	-0.55094450775167	1.9355982176009	-3.5913134086805
V	67FF00	-1.5989648602503	-5.1183390492368	-4.2844544404188
SSp-m2/3	84FF00	-3.4607480549712	1.0085189049912	-1.6024833649895
AHNc	5600FF	-0.66785547051816	-0.70996770062147	-5.1055755152431
SPVOcdm	00DCFF	-1.6818271435208	-6.3473004236106	-4.5508610904258
MGv	FF0048	-2.3436043929094	-3.1896166700351	-2.8659507959181
BSTmg	007F5C	-0.82121442163097	-0.048356950607683	-4.7605950341072
AUDv1	E200FF	-5.0823071090819	-2.1421890807453	-2.4418129968837
SSp-tr6a	007F3B	-2.2187208045144	-1.4035706781472	-0.69622645609594
SSp-ll6b	007F3C	-1.7317165673947	-0.34235522257922	-1.1768281008186
TRS	FF0042	-0.28843198660969	-0.27876983406725	-2.5523173323916
AONpv	7F2B00	-1.2795089178094	2.2188201697654	-4.6593236903632
CENT3gr	0B007F	-0.68335654063758	-5.9049364616032	-1.9225997448196
VCO	007F0A	-2.732953412084	-5.4906010827987	-4.5393064567856
AUDp2/3	007F38	-4.7635801520186	-2.5444849195726	-1.7974603062288
GU5	007F39	-3.3632157214986	1.0604650939312	-3.1431498933766
ENTm2a	00377F	-3.5947010319457	-3.8165810604827	-4.993974158464
ORBm5	007F31	-0.68624071652722	2.4874537709702	-2.2333303711102
PL6a	007F32	-0.92950994145198	1.9381020408909	-1.9827667047727
VISpm6a	007F33	-2.0973768715372	-4.3845722818533	-0.57672258010936
VISl6b	007F35	-3.2955142260411	-4.0647816723337	-1.3499701593909
LPO	6C7F00	-1.0097806400421	0.071709791047318	-5.0623547374979
MOs2/3	7F007F	-1.1352257315853	1.4649455827705	-0.76722341911646
ENTmv2	5B7F00	-3.2046133242367	-3.3834089483558	-5.1568453854111
SUBd-m	39FF00	-1.9247859323586	-3.2556931135275	-1.3834496076941
DCO	00FF14	-2.4400733307713	-6.0608805135187	-3.9069099244977
SUT	00FF17	-1.5526073918105	-5.1443707130484	-3.6669349560736
ANcr2gr	7C7F00	-2.8832026146583	-7.0632527887787	-2.3279084139919
PTLp6a	FF00A1	-2.3648587473983	-2.6240605622706	-0.58343642292159
isl	7F001E	-1.3973702368808	1.1742582936087	-5.7205078934567
LM	00567F	-1.0127395914502	-2.5345893544904	-5.2340191873311
ECT6b	FF00A4	-4.1380396952187	-3.0119953507869	-2.9169089958457
SPVOvl	00FF11	-2.0284352622598	-5.9310008621372	-5.061539315521
MA	607F00	-1.7678221055111	0.0048130629258925	-5.5975687840611
SCsg	007F50	-0.7006299526325	-3.966987487653	-0.64619293012472
SPA	637F00	-0.16577783085232	-2.2469103962498	-3.315004707059
RPA	007F05	-0.097386820068528	-6.4535753073834	-6.1142828800584
DECmo	007F04	-0.81260643628625	-7.1673667831702	-1.1323971140198
ACAd2/3	FFE700	-0.41842018946312	0.72109856266829	-0.79768426818836
DG-mo	4E007F	-2.1107940942499	-2.8932152864298	-2.3203804498199
MDRNv	007F07	-0.83860963877426	-7.5318930150323	-5.2974823578355
SO	00A2FF	-1.4436440443959	-0.65939305292996	-5.7325528608932
LRN	11007F	-1.3255509908895	-7.7036757692813	-5.7518748107832
LH	7F0066	-0.55916753601117	-1.7858107520621	-2.2183181973434
MDm	7F0065	-0.42085502308922	-1.4215324491348	-2.9277598924351
CSm	FF9600	-0.1241348156573	-4.2018516822352	-4.3771431017248
AHNa	7F0069	-0.77095858653703	-0.75393412286449	-5.5275581508913
ADP	7F0068	-0.4419389847542	0.2413237259778	-4.6044773478652
DP1	2BFF00	-0.29497088830896	1.7278657157933	-3.1407746256759
ACAd1	4B7F00	-0.17385439855343	0.5523173118402	-0.60583237612656
SSp-ll1	000BFF	-2.0678554118622	-0.33564213495267	0.067837935418146
VISp6b	FF6A00	-2.535006007698	-3.5446191232222	-0.70223007754289
COApm2	567F00	-2.7495498975435	-2.6014670297175	-5.4783621826933
PS	D3FF00	-0.78145979562153	0.19330168205003	-4.7067513875663
ENTm6	36FF00	-3.2681016141013	-4.273145172077	-2.9972309665397
PRP	7F0700	-0.29433272770393	-6.2326569237227	-4.1374343437578
ANcr1mo	007F02	-2.9662733447069	-6.4538344999281	-1.846507532443
RE	007F58	-0.27469920587351	-1.0332899598424	-4.133536053845
PRMgr	FF0500	-2.4711144052053	-7.2198683037459	-3.0106756149952
PERI6a	25FF00	-4.2189365349554	-2.6898867817858	-3.3669511990307
SIMmo	00797F	-2.3002846164483	-5.9475244647695	-1.5624996248938
PG	00687F	-0.75076626389918	-3.7276288281851	-5.4779545187782
AUDd4	73007F	-4.2715240344382	-2.5459824811164	-1.38141760562
FF	7F006C	-1.1940733378919	-2.4414005806398	-3.9391625009913
PVHdp	7F006B	-0.19503177215546	-0.88055361761959	-4.4496991584679
MOB	B300FF	-1.2060360128416	4.3109518840438	-3.8769852838994
CUN	7F006F	-1.3642182587854	-4.8396032638483	-2.5107528115554
MRN	7F006E	-1.1163646570165	-3.5816473030919	-3.1607151838107
MEV	FF2200	-0.991802640995	-5.040973842241	-2.701330505942
PBG	7F5000	-2.1361286041762	-4.2246176899726	-2.8465081347445
VM	0090FF	-0.90256646954529	-1.580572197252	-3.9668741741039
VISpl6a	D600FF	-2.8376195689485	-4.5234401729419	-1.0989101892098
NLOT2	FF00AA	-2.3016683671396	-0.74590680565063	-5.728894997854
PVHmm	007F17	-0.33637267771159	-0.73563707289377	-4.7213396647081
PO	0096FF	-1.4844977135748	-2.0695890923511	-2.7216741753367
ECT6a	7F0012	-3.992262875532	-3.3914481532662	-2.5714027549049
TR1	FF00AD	-3.9524556686201	-3.0407734327068	-5.3804710115369
PTLp5	7F0011	-2.6301861145717	-2.6672998903461	-0.45463716493671
ORBvl1	9CFF00	-0.79421984341202	2.7252314813253	-2.796833971582
CA3so	7F0018	-2.5533376072886	-2.3118380073702	-2.6479322522356
ENTl5	7F0019	-4.0829496787148	-3.7211924921706	-3.6414850536669
ENTmv1	B6FF00	-3.1384237736385	-3.4403690145098	-5.3138367483836
AId2/3	FF009C	-2.7561381825815	2.0191624417757	-3.2334926767561
RSPagl6a	FF009F	-1.3883734426353	-3.5103680524078	-0.080371013399914
SSp-bfd2/3	FF0002	-3.8606828405713	-0.81974644586838	-1.0061664102582
MOp5	FF0000	-1.7752973973027	0.97745667872905	-1.1513266386835
SSp-n6a	FFFC00	-3.1784943570894	0.73253799458338	-2.4355346450868
SSp-ul1	FF0005	-2.9633264074621	0.17559048075359	-0.43094807156756
FC	00FFCA	-0.17452621610855	-1.945513376311	-1.2473957145991
BSTv	45FF00	-0.93621712706698	-0.18635984501821	-5.0329817542962
ILA1	99FF00	-0.19996975622568	1.5013608963242	-2.4780042961762
ILA6a	FF6500	-0.92573688573161	1.7795945621692	-2.5195523643361
CA2so	587F00	-2.5949280252867	-2.0793911815681	-1.4599726954312
RSPv6a	507F00	-0.9277518300135	-3.0107041541424	-0.39645419702183
SUBv-m	FFC400	-3.0666930476551	-3.6013234795176	-3.7904310571421
MPNc	7F5300	-0.49352472119766	-0.0059219382657502	-5.3215981650273
SSp-tr4	007F7B	-2.4252827926595	-1.4432078720264	-0.18387095012013
SSp-ll5	007F7C	-1.8981499441153	-0.32984480595617	-0.62373344112478
PERI1	A4FF00	-4.8961975475058	-2.7455801795604	-3.479978336106
BLAp	003C7F	-3.5560497685903	-2.380843665996	-4.7799531093451
GU2/3	007F79	-3.767952709196	1.0016577840167	-3.2400018711716
VISC6a	7F3900	-3.9279068455071	-0.3708999052196	-3.2350856969597
AUDd2/3	E700FF	-4.435682910949	-2.5335712733545	-1.2604926363162
ORBm2	007F70	-0.33995842612821	2.3529452956187	-2.5972919697009
AVPV	2E007F	-0.3297574101468	0.16456330221834	-5.492232816623
PL2/3	007F72	-0.46151486875482	2.1827209195923	-1.7187055171464
VISpm4	007F73	-1.9706123140958	-4.4170034335168	-0.26006683385164
AMBd	FF9000	-1.4305820816823	-6.7643108947907	-5.5269737366684
PTLp1	FF5C00	-2.7696791182265	-2.6624796151487	0.029377675092458
VMHa	00FFA4	-0.48445156974745	-1.0939836362812	-5.6219062836667
VISC6b	FF000B	-3.6503133722095	-0.15715440732821	-3.1664613448919
AUDpo5	FF000E	-4.3718600802906	-3.6750911296767	-1.9058137643259
BLAv	00FFC1	-3.3556476743302	-1.9719805408955	-5.3777367904451
ENTm2b	00FFC7	-3.6009383924408	-3.8174712597957	-4.9132377845566
PRE2	00FFC4	-2.610526478369	-4.1585132335599	-2.2530791193525
ORBl1	FF0099	-1.656471005715	2.580097221077	-2.9967259111868
ILA2/3	FFE400	-0.56578444583597	1.7736254276523	-2.6865020719107
SUBv-sr	FF4500	-3.126770659063	-3.4389503054138	-4.030832812211
DECgr	76FF00	-0.83963853052939	-7.2112002904666	-1.1805051059289
NI	7F0B00	-0.27767297447623	-5.345459523609	-3.8474775730582
VISp4	497F00	-2.6461298162648	-3.8675571268545	-0.21325125845106
VISam5	FF0090	-1.7406699517584	-3.1302090654804	0.051952919229609
VISpl4	FF0093	-3.1350373297678	-4.5736518157277	-0.7022540707981
ACAv2/3	FF0096	-0.38142550219927	-0.0098606683979636	-1.2425252323736
POST1	7F005B	-1.9803982763237	-4.245309837587	-1.2993655911582
EPv	7F005C	-3.4315829149239	-1.3903525526866	-5.0510436794391
MEAav	7F005F	-2.1712284020837	-1.576326721208	-5.4527341875912
OT1	7F005E	-1.7757505102794	1.1205822577995	-5.8655449993256
SCdg	22007F	-0.81431855931955	-4.0904988898949	-1.6573714495432
NLLd	3900FF	-1.9040177999216	-4.7346152091682	-2.8029282102432
ENTm1	4B007F	-3.3471672705685	-4.5320701438364	-3.712810551332
AMv	257F00	-0.82812996600428	-0.81244958729715	-3.642349083831
SSs6b	0017FF	-3.5467751695168	-0.43062872956018	-2.6343577555378
DMX	FF1100	-0.38328636008444	-7.4272887773831	-4.3006208867589
PBld	65FF00	-1.5239969689037	-5.2386925768765	-2.8202857407714
SSp-m5	FFF900	-3.0346480202624	1.0439082138676	-1.9074400473139
MDRNd	00FF0E	-1.4109608146331	-7.5875021155511	-4.6147131296806
STN	7F1200	-1.7262322224142	-2.0867957964047	-4.3931549404715
MOs1	FF00FF	-1.0971771394179	1.5209068138354	-0.68181038603485
NLOT1	7F0015	-2.2210965723411	-0.71436822863904	-5.9672674007285
BSTal	7900FF	-1.2035550989484	0.12965836231372	-4.1958495437933
TEa5	00FFD9	-4.2994461344231	-3.1801485754173	-2.3455039242123
INC	DFFF00	-0.41959889536425	-3.0776078775813	-3.1714503896158
TTv1	00FFD3	-0.57085731254837	2.1981178418968	-4.8996276531638
NLLh	1C007F	-1.9744194391956	-4.5997121824437	-3.1722879982367
AIp2/3	00FFDF	-4.2514355917394	-0.38486005733683	-3.8827096240418
ACVII	EDFF00	-1.1242808008101	-5.491320643574	-5.2170281047001
COAa1	005CFF	-2.5441759215285	-0.79843967343531	-6.0678180799754
LAV	FF00F0	-1.4437214679408	-5.9500458418075	-3.8682366396255
CENT2gr	FF00F3	-0.47724647549652	-5.5165605892774	-2.445832725631
ACB	FF4200	-1.4247792267193	1.1235085274511	-4.6624544209326
ENTl2a	FFCA00	-4.3910974160891	-3.8741919222745	-3.991482153603
SUMm	56FF00	-0.18095559622181	-2.6095405191269	-4.7792021104547
PBle	327F00	-1.7302749825998	-5.1616645875176	-3.1192616482719
SFO	7F1500	-0.11486276275386	-0.66991739943009	-2.2771975612043
VISC5	FF7300	-4.2088541237677	-0.43272650523411	-3.2677988932734
VISal2/3	087F00	-3.7455313828532	-3.1825909218358	-0.44499752066039
AUDp6a	8DFF00	-4.0691390433027	-2.4427321720983	-2.07409196983
x	00E7FF	-1.7532164108665	-6.2242615148229	-4.2326408279679
B	3400FF	-0.76190968277167	-5.4466833052773	-3.323391734395
SSp-un2/3	437F00	-3.3787481561931	0.1590798709497	-1.3195377568817
NODgr	1100FF	-0.63825470832569	-6.6930261547233	-3.2999445719096
CA3sr	7F0058	-2.6618064798436	-2.6228585486704	-2.7846120819558
LHA	D9FF00	-1.2096407027801	-1.3532976062722	-4.9575509386312
OLF	7F0052	-1.9653607358258	1.3551020340387	-4.5652722509474
TTd1	7F0053	-0.33653026779788	1.939767038621	-3.5843190446624
PTLp6b	7F0050	-2.344900772477	-2.610118963141	-0.70417395363148
XII	00737F	-0.26040974465711	-7.2949213922972	-4.5875688050098
TR2	7F0056	-3.89999355848	-3.0810866785679	-5.1689057510365
CENT3mo	1700FF	-0.67981803442835	-5.8637506427603	-1.791429107186
NLOT3	7F0055	-2.3884658165822	-0.75049464834615	-5.5528395419385
ENTl1	197F00	-4.5155867625141	-3.7045012944315	-4.0562302166174
ANcr1gr	79FF00	-2.9131850827816	-6.4455157349841	-1.8688562610405
TTd3	56007F	-0.68859233017116	1.8141544959761	-3.5525989824815
AON	A7FF00	-1.7453968645433	2.8473092023067	-4.0412360371538
PAG	5FFF00	-0.40799067157784	-4.0635460099947	-2.3049774651359
DP5	AAFF00	-0.76783980903438	1.7536194446445	-3.2429923005718
AAA	BFFF00	-2.3632403460535	-0.47856752926385	-5.399748960722
COPYgr	7F003C	-1.7382180796103	-7.2070589523244	-3.2048556567417
VII	367F00	-1.423854874473	-5.7030052051216	-5.6911959408449
NPC	FF005F	-0.66922717661736	-2.6120844078739	-2.4575508358304
ORBvl6a	7F7000	-1.2988125414546	1.8096362775164	-2.9437767598842
CEAl	FF3F00	-3.0522685687388	-1.5222017338987	-4.2283525159032
SNr	FF005C	-1.6700869331068	-3.1586468582476	-4.3313896391754
DG-sg	00347F	-2.085421454079	-2.8181903875026	-2.32776681884
ND	6F7F00	-0.26471355145525	-3.1606408797682	-2.9651656817768
VISp2/3	93FF00	-2.7006056326718	-3.8778187336998	-0.042211852061281
PAR1	7F2400	-2.5934016907434	-4.3480742230393	-3.0272016488641
LINGmo	7F4500	-0.26184256993835	-6.2016053648553	-3.2064301742195
SSp-un6b	7F3B00	-2.6086538074766	-0.62192517381394	-1.5923209905171
PVHpv	FF2E00	-0.10012717007245	-0.66699076719515	-4.633959070143
VISC2/3	FFF300	-4.5378279836034	-0.37394452683452	-3.2971252878392
FRP1	7FFF00	-1.2257737670419	3.1416146214001	-1.8914830995021
PVHlp	28007F	-0.67927507579698	-1.1456030723606	-4.5790137144199
ARH	7F0028	-0.26471752337239	-1.5789445361999	-5.9529633256357
BLAa	0079FF	-3.3196254538898	-1.5774091059204	-4.6643717162457
PR	34007F	-0.54699177528449	-1.311058322388	-4.1890875312284
ORBl5	CA00FF	-1.6833973243506	2.1875043167234	-2.6891851703216
MOs5	0005FF	-1.063647351495	1.2673933281384	-0.96217201052301
CA2slm	B0FF00	-2.4634789121847	-2.2573248252695	-1.7552512396296
SSs6a	76007F	-3.7697908303107	-0.54738969311772	-2.5165944588869
ACAd6b	7F3300	-1.0083549427847	0.43721705402077	-1.4357565902683
TU	FF0059	-1.0393014608109	-1.4826779854628	-5.7585247494491
ICd	2E7F00	-0.58127441169303	-5.3748829750844	-0.62929578789632
VPLpc	007F5B	-1.4576287597447	-2.1072247727147	-3.6761882890532
ILA2	4C7F00	-0.51861765123461	2.1320135628794	-3.157874682007
PVi	FF0050	-0.09571817366298	-1.4496717251045	-5.1819552535047
PIR3	7F2900	-3.3804995405925	-0.5068526864997	-4.8135973015183
VISC1	457F00	-4.7343956367185	-0.41960299568112	-3.3496515773643
SPFm	247F00	-0.40456408319648	-2.0967052646299	-3.9386722643845
RT	FFB000	-1.9909119057115	-1.2134007062523	-3.2063906219523
VTN	00FF9C	-0.34247851495011	-4.8070748066149	-3.6033427182488
CA1sp	007F26	-3.138208412033	-2.9406297025066	-2.3627282603051
PMd	FF0056	-0.56416311143735	-2.2685230709221	-5.1434861586496
BMAp	007F21	-3.0350766874126	-1.8854826728354	-5.1957651852868
BSTdm	008BFF	-0.66289204479587	-0.07482801143776	-4.4134106712966
PERI6b	127F00	-4.1639953234914	-2.7931278875487	-3.3047161438477
COApl2	007F28	-2.8419504060123	-1.9340820182381	-5.7715538320383
MEApd-b	0085FF	-2.625083176845	-1.9391553276242	-4.729010012655
SPVI	2800FF	-2.00305420618	-6.8960138939894	-4.7323186837689
VLPO	FF0053	-1.0100650089903	0.0098455024979815	-5.909216379994
LGv	7F1800	-2.6297669199628	-2.4593785242837	-2.9693417265756
TRN	007F0B	-0.43407057738544	-4.1782670060931	-5.117034842247
ANcr2mo	F9FF00	-2.9777592412316	-7.0102825104154	-2.3037328491404
PERI5	527F00	-4.4173693689363	-2.6300263895239	-3.4196535755147
CEAc	7F5F00	-2.8748936924031	-1.2059345331139	-4.688663055251
TMd	D6FF00	-0.24001977362163	-2.1681137882568	-5.2098131622343
PRMmo	7F4200	-2.5132217617212	-7.2003702400368	-3.1044821030918
SCH	FF2B00	-0.20623757295081	-0.55955505209682	-5.7879923986002
PCG	00D0FF	-0.51336245016991	-5.4194658855566	-3.4441313260049
ENTl2/3	597F00	-4.485380985219	-2.4056758914425	-3.7164374184219
VMHdm	00FF25	-0.35180721072905	-1.4601585589468	-5.4224906483658
MEAad	FF00BF	-2.2444733753631	-1.2420848188984	-5.0641155597203
BSTam	3C007F	-0.90026538679223	0.25584562619318	-4.2461653318059
SCzo	00FF22	-0.64098937943818	-3.9933941608613	-0.53480554831045
islm	FF00BC	-0.6507949882585	0.962958650591	-4.3635749879851
EPd	FF00B9	-3.0915038528819	0.056039528538781	-4.2279855734753
SSp-m6a	7F7C00	-2.6956804192512	1.0232691451313	-2.1039505859381
VI	6DFF00	-0.46312020932082	-5.5851180004909	-4.2710923084029
MEPO	00FF2B	-0.15623887790681	0.3051760769145	-4.7130195452154
PMv	7F002B	-0.65387034311214	-2.1875468389039	-5.4841755117833
COApm1	ADFF00	-2.6884931655078	-2.6152492005321	-5.5870965606039
IGL	FF3100	-2.5689977894814	-2.5234755267205	-2.6823722442848
NB	6E7F00	-2.1199854996763	-3.7291144204877	-2.6590666919073
CB	397F00	-1.7896038140201	-6.3102784884949	-2.7045527576412
PYRgr	FF0800	-0.48477177769622	-7.4494937221043	-2.5171773013557
ECT2/3	7F2C00	-4.4524082236779	-3.7024216426908	-2.4300726195271
NTB	FF9300	-0.68746726462749	-4.6242032788749	-5.8724940121165
PVHmpv	00B3FF	-0.43248704111896	-1.0369369952564	-4.70945005703
PRC	2F7F00	-0.43795291658335	-2.4195896263664	-2.3121398524064
RSPv1	007F2E	-0.37754401397372	-2.9378887195299	-0.31999052508126
DTN	1A007F	-0.20016228158054	-5.2556900488409	-3.2304018101977
AOBgl	007F2B	-1.3591549812333	3.3476427412159	-2.4286730523752
AUDd6a	000E7F	-3.813916192096	-2.4311065871537	-1.633114836983
FRP2/3	3F7F00	-1.0265754814426	3.1030237225746	-1.8102345857077
SUBv-sp	7F6200	-3.380109166836	-3.7435258679031	-3.3080274172949
MOBgr	0051FF	-1.1238063644872	4.1014990600504	-3.2993721514146
BAC	7F1C00	-0.63750982310175	-0.094486242546447	-3.9806296293508
AMBv	7F4800	-1.4296568493451	-6.5965689683313	-5.8050603931589
SI	C1FF00	-1.7642128519774	0.15287454548511	-5.0267482446579
PVHap	FFAD00	-0.33888652633781	-0.37458127748461	-4.4231014352281
RR	FF00DC	-1.4751985194176	-3.8818434089648	-3.573202147588
ENTm5	007F24	-3.2886639991756	-4.29173496006	-3.286905273665
TEa6a	007F6C	-4.0900038494879	-2.9999028738339	-2.4823114445167
RSPd2/3	0045FF	-0.77923276691325	-3.1236126403127	0.2016839744314
AD	CAFF00	-0.91101311551199	-0.74893206157438	-2.4665917051963
MPO	007F15	-0.5884303553493	0.0079640172922754	-5.2228692843474
POL	004B7F	-1.7951212466687	-3.0317047597903	-2.821438050524
SUBd-sp	1C7F00	-1.9634890489791	-3.2442612007224	-1.0364553246828
PIR2	FF5300	-3.2819947425171	0.075143744737034	-4.8273781835012
BSTif	FFB900	-1.0110251987291	-0.30521975292707	-4.3868179722604
SSs1	7F0004	-4.7170764557678	-0.48513341642147	-2.3629538525429
AUDpo6a	7F0007	-4.1552088086847	-3.6671000007561	-1.9865713819359
MOBopl	007F6B	-1.0698019244679	4.1421086811129	-3.3629182125332
GPi	42FF00	-2.3045104976295	-1.158730069757	-3.9679200935479
MOp6a	7F0000	-1.5195178023239	0.66867790316215	-1.293335035618
SSp-ul2/3	7F0002	-2.8769727028315	0.086102594985984	-0.61694093400853
AIp1	001F7F	-4.4431555739927	-0.33772546329857	-3.978386212098
RSPv2/3	117F00	-0.57881443641859	-2.9581781221914	-0.3693881312143
VISam4	7F0008	-1.7929740446438	-3.1789398277953	0.22946153541251
LIN	2200FF	-1.2337444343013	-6.7919862096083	-5.1269404407404
PVpo	FFAA00	-0.13019076865343	-0.16474836678087	-5.0941228430264
SPIV	1C00FF	-1.3065032637067	-6.5039432395454	-3.9135766850774
RSPagl5	7F000F	-1.2380881155347	-3.4091017217735	0.21732902089312
ME	4B00FF	-0.17522777875523	-1.7915599841022	-6.1340724981826
ACAv1	7F000B	-0.13757087677921	0.069159863310709	-1.2248722359395
SUBd-sr	B9FF00	-1.8079605627051	-3.1670209214754	-1.2330903789383
MOp2/3	7F3F00	-2.0985768563202	1.2050256630786	-1.0551044038522
MPT	FF1F00	-0.3309303898233	-2.6314168004057	-1.9223543619003
VISam2/3	FF0011	-1.8289584842666	-3.1679844270214	0.39769839530406
LD	7F5900	-1.5683975157225	-1.4146718654827	-2.1299465264439
VISpl1	FF0014	-3.3472063064359	-4.6139606935005	-0.43988048120242
VISl6a	00FF6A	-3.3977370750902	-4.0522183735443	-1.2590632889856
RSPd1	5F007F	-0.56244105987336	-2.9057165748028	0.29062812447715
PFLgr	0B00FF	-3.7691655628613	-5.6082349941469	-4.2331288377621
RL	7F4E00	-0.093685259683537	-3.2996643119148	-3.6726256089065
AUDp5	077F00	-4.3595103868603	-2.5907449106821	-1.943801206823
ENTl2b	7F6500	-4.3554196926696	-3.8375248715447	-3.9411137911645
SSp-ul6b	79007F	-2.3119369436043	0.099784996070935	-1.6052082224295
DG-po	0068FF	-2.3556395449707	-3.0374187618839	-2.6980710517636
CTX	00FF7F	-2.9924772493125	-1.0121187562273	-4.456873034366
TTv2	007F69	-0.70279566745977	2.195303460184	-4.7804859341597
SSp-bfd1	7F3E00	-4.0441918428696	-0.81183161946875	-0.89094215378543
ENTm3	007F63	-3.4177337217356	-4.6183399483528	-2.9703302210918
AUDv6a	00FFED	-4.1603259704723	-2.0580034311606	-2.5432209983085
AIv5	9FFF00	-2.6213166772917	1.5033694249466	-3.4788115557995
VISl4	00FFEA	-3.7115377860947	-4.0635685759284	-0.94747038343191
CA1slm	007F66	-2.6400264238769	-2.8315509232251	-2.1926682649181
IG	007F65	-0.19961951329166	0.055720347140968	-1.7760293243753
NR	FF0E00	-0.26770012766868	-6.7225332405368	-4.4394664578935
AUDv5	00117F	-4.4804651876709	-2.2005546369711	-2.4796595461623
ICc	5CFF00	-1.1241784102542	-5.3000991662026	-1.0349273821419
MOBipl	00287F	-1.1320775610364	4.186357015746	-3.3198379698205
PL6b	19FF00	-1.0404436298845	1.5617741790463	-2.1014232184759
BSTd	C4FF00	-0.92613984336255	-0.0055512777009212	-3.5143747774418
PCN	267F00	-0.86246247540382	-1.519815794889	-3.1803453230157
MOs6a	00027F	-1.0653816034469	0.89958735298833	-1.1990836384999
SSp-n6b	7F7E00	-2.9449463515158	0.75219198500049	-2.5385369448968
SF	007F1F	-0.49702038180906	-0.28734617757808	-2.464336134198
y	00FF8A	-1.8956514124312	-6.172611943827	-3.5229969764499
VPMpc	007F1B	-0.87499305331093	-2.1122470494133	-3.6228853820338
BSTrh	007F1C	-1.2753492898054	-0.060050447583635	-3.9072519154923
MARN	00FF8D	-0.49029176925366	-5.9918779678444	-5.9657362633727
PSTN	7F5200	-1.251089461793	-2.2047635449875	-4.7167200222013
CP	FFC100	-2.4570519315404	-0.10620871846636	-3.0871630938011
VISl5	007F75	-3.58007347127	-4.0655875541791	-1.1017281530045
AUDv6b	007F76	-4.0073684828396	-2.1702378245816	-2.5243909364422
AUDpo4	7F3800	-4.5573952047135	-3.6596258458146	-1.8670404353093
AUDp1	00FF70	-4.948684481407	-2.5554837010694	-1.753136440506
PH	59FF00	-0.31523551654542	-2.2720472738227	-4.4457672455754
SSp-tr1	00087F	-2.5180875503174	-1.4916741879246	0.25068236928763
PL5	00FF65	-0.65917554265025	2.0583622323146	-1.8392038369672
CEAm	7F1F00	-2.6865877096192	-1.1356624940758	-4.5345310088888
PVT	004E7F	-0.1851814829207	-1.0455988212779	-2.823723428138
RH	007F18	-0.23241344358106	-1.2854917050011	-3.7197388658608
MOp1	FF7F00	-2.1912687158528	1.1075559965712	-0.88495762659945
ICe	DCFF00	-1.6081726204859	-4.9858647143888	-1.4956099736537
SUMl	007F14	-0.61361789635333	-2.5780198341311	-4.8527934990641
LC	7F4B00	-0.91515974443751	-5.4846192871611	-3.2457763234701
VMHvl	007F12	-0.73264332407225	-1.4924055728912	-5.7274127736787
CUL4_5mo	00FF87	-1.1247715802573	-6.1562441876547	-1.4353772585792
SIMgr	00FF84	-2.3542946583152	-5.9563730673702	-1.6155030406197
VISl23	00147F	-3.8560107925586	-4.0530733894063	-0.80728624544063
SSp-ll2/3	00057F	-2.0148921160056	-0.36172343513097	-0.14261082979615
SH	3FFF00	-0.20359427429612	0.98850529675844	-3.0600570225804
AMB	767F00	-1.4129107208299	-7.3596000886656	-5.4464658423457
PAS	387F00	-0.73556248182864	-7.440085492468	-4.006436215092
AIp5	007F6F	-4.064458394304	-0.45958561269489	-3.8151306066276
SSp-tr5	00FF76	-2.2986097682172	-1.4704777167801	-0.37488566792531
LRNm	00E2FF	-1.3334180046296	-7.1408170149922	-5.8445563477517
GU4	00FF73	-3.6467016968399	0.96754588205191	-3.1732861470015
RSPd6b	007F6E	-1.0763516943825	-2.7149045616276	-0.33101527664601
RN	3F00FF	-0.7690561268088	-3.3608132983147	-3.6616402794761
VISpl2/3	7F000A	-3.2378990595256	-4.5620561592536	-0.54043888305203
PL2	00FFE4	-0.33191400422363	2.0003119751693	-1.7605320479583
VISpm2/3	00FFE7	-1.8275617115136	-4.5477225322955	-0.2813608581437
ORBm1	00FFE1	-0.20887607507721	2.5719288561478	-2.3911361000568
VISC4	7F7900	-4.350621846263	-0.30981682367868	-3.2693588981224
SSp-ll6a	00FF79	-1.7895023459204	-0.36492845627799	-0.95744126104298
